taxon,geog_radiation
Acanthophis_antarcticus,australo_papuan
Acanthophis_cryptamydros,australo_papuan
Acanthophis_hawkei,australo_papuan
Acanthophis_laevis,australo_papuan
Acanthophis_praelongus,australo_papuan
Acanthophis_pyrrhus,australo_papuan
Acanthophis_rugosus,australo_papuan
Acanthophis_wellsi,australo_papuan
Aipysurus_apraefrontalis,sea_snakes
Aipysurus_duboisii,sea_snakes
Aipysurus_eydouxii,sea_snakes
Aipysurus_foliosquama,sea_snakes
Aipysurus_fuscus,sea_snakes
Aipysurus_laevis,sea_snakes
Aipysurus_mosaicus,sea_snakes
Aipysurus_pooleorum,sea_snakes
Aipysurus_tenuis,sea_snakes
Antaioserpens_warro,australo_papuan
Aspidelaps_lubricus,afro-asian
Aspidelaps_scutatus,afro-asian
Aspidomorphus_lineaticollis,australo_papuan
Aspidomorphus_muelleri,australo_papuan
Aspidomorphus_schlegeli,australo_papuan
Aspidomorphus_schlegelii,australo_papuan
Austrelaps_labialis,australo_papuan
Austrelaps_ramsayi,australo_papuan
Austrelaps_superbus,australo_papuan
Brachyurophis_approximans,australo_papuan
Brachyurophis_australis,australo_papuan
Brachyurophis_fasciolatus,australo_papuan
Brachyurophis_incinctus,australo_papuan
Brachyurophis_morrisi,australo_papuan
Brachyurophis_roperi,australo_papuan
Brachyurophis_semifasciatus,australo_papuan
Bungarus_bungaroides,kraits
Bungarus_caeruleus,kraits
Bungarus_candidus,kraits
Bungarus_ceylonicus,kraits
Bungarus_fasciatus,kraits
Bungarus_flaviceps,kraits
Bungarus_lividus,kraits
Bungarus_magnimaculatus,kraits
Bungarus_multicinctus,kraits
Bungarus_niger,kraits
Bungarus_sindanus,kraits
Bungarus_slowinskii,kraits
Cacophis_harriettae,australo_papuan
Cacophis_krefftii,australo_papuan
Cacophis_squamulosus,australo_papuan
Calliophis_bibroni,asian-corals
Calliophis_billineatus,asian-corals
Calliophis_bivirgatus,asian-corals
Calliophis_intestinalis,asian-corals
Calliophis_nigrescens,asian-corals
Calliophis_philippinus,asian-corals
Calliophis_salitan,asian-corals
Cryptophis_boschmai,australo_papuan
Cryptophis_nigrescens,australo_papuan
Cryptophis_nigrostriatus,australo_papuan
Demansia_olivacea,australo_papuan
Demansia_papuensis,australo_papuan
Demansia_psammophis,australo_papuan
Demansia_torquata,australo_papuan
Demansia_vestigiata,australo_papuan
Dendroaspis_angusticeps,afro-asian
Dendroaspis_jamesoni,afro-asian
Dendroaspis_polylepis,afro-asian
Dendroaspis_viridis,afro-asian
Denisonia_devisi,australo_papuan
Denisonia_maculata,australo_papuan
Drysdalia_coronoides,australo_papuan
Drysdalia_mastersii,australo_papuan
Drysdalia_rhodogaster,australo_papuan
Echiopsis_curta,australo_papuan
Elapognathus_coronatus,australo_papuan
Elapognathus_minor,australo_papuan
Elapsoidea_boulengeri,afro-asian
Elapsoidea_guentherii,afro-asian
Elapsoidea_loveridgei,afro-asian
Elapsoidea_nigra,afro-asian
Elapsoidea_semiannulata,afro-asian
Elapsoidea_sundevallii,afro-asian
Elapsoidea_trapei,afro-asian
Emydocephalus_annulatus,sea_snakes
Emydocephalus_ijimae,sea_snakes
Ephalophis_greyae,sea_snakes
Furina_barnardi,australo_papuan
Furina_diadema,australo_papuan
Furina_dunmalli,australo_papuan
Furina_ornata,australo_papuan
Furina_tristis,australo_papuan
Hemachatus_haemachatus,australo_papuan
Hemiaspis_damelii,australo_papuan
Hemiaspis_signata,australo_papuan
Hemibungarus_calligaster,australo_papuan
Hoplocephalus_bitorquatus,australo_papuan
Hoplocephalus_bungaroides,australo_papuan
Hoplocephalus_stephensii,australo_papuan
Hydrelaps_darwiniensis,sea_snakes
Hydrophis_annandalei,sea_snakes
Hydrophis_atriceps,sea_snakes
Hydrophis_belcheri,sea_snakes
Hydrophis_bituberculatus,sea_snakes
Hydrophis_brookii,sea_snakes
Hydrophis_caerulescens,sea_snakes
Hydrophis_coggeri,sea_snakes
Hydrophis_curtus,sea_snakes
Hydrophis_cyanocinctus,sea_snakes
Hydrophis_czeblukovi,sea_snakes
Hydrophis_donaldi,sea_snakes
Hydrophis_elegans,sea_snakes
Hydrophis_fasciatus,sea_snakes
Hydrophis_gracilis,sea_snakes
Hydrophis_jerdonii,sea_snakes
Hydrophis_kingii,sea_snakes
Hydrophis_lamberti,sea_snakes
Hydrophis_lapemoides,sea_snakes
Hydrophis_macdowelli,sea_snakes
Hydrophis_major,sea_snakes
Hydrophis_melanocephalus,sea_snakes
Hydrophis_melanosoma,sea_snakes
Hydrophis_obscurus,sea_snakes
Hydrophis_ocellatus,sea_snakes
Hydrophis_ornatus,sea_snakes
Hydrophis_pachycercos,sea_snakes
Hydrophis_pacificus,sea_snakes
Hydrophis_parviceps,sea_snakes
Hydrophis_peronii,sea_snakes
Hydrophis_platurus,sea_snakes
Hydrophis_schistosus,sea_snakes
Hydrophis_semperi,sea_snakes
Hydrophis_spiralis,sea_snakes
Hydrophis_stokesii,sea_snakes
Hydrophis_stricticollis,sea_snakes
Hydrophis_torquatus,sea_snakes
Hydrophis_viperinus,sea_snakes
Hydrophis_zweifeli,sea_snakes
Laticauda_colubrina,sea_snakes
Laticauda_crockeri,sea_snakes
Laticauda_frontalis,sea_snakes
Laticauda_guineai,sea_snakes
Laticauda_laticaudata,sea_snakes
Laticauda_saintgironsi,sea_snakes
Laticauda_schistorhynchus,sea_snakes
Laticauda_semifasciata,sea_snakes
Loveridgelaps_elapoides,australo_papuan
Micropechis_ikaheca,australo_papuan
Micruroides_euryxanthus,nw-corals
Micrurus_albicinctus,nw-corals
Micrurus_alleni,nw-corals
Micrurus_altirostris,nw-corals
Micrurus_ancoralis,nw-corals
Micrurus_annellatus,nw-corals
Micrurus_apiatus,nw-corals
Micrurus_averyi,nw-corals
Micrurus_baliocoryphus,nw-corals
Micrurus_bocourti,nw-corals
Micrurus_bonita,nw-corals
Micrurus_brasiliensis,nw-corals
Micrurus_browni,nw-corals
Micrurus_camilae,nw-corals
Micrurus_carvalhoi,nw-corals
Micrurus_circinalis,nw-corals
Micrurus_clarki,nw-corals
Micrurus_corallinus,nw-corals
Micrurus_decoratus,nw-corals
Micrurus_diana,nw-corals
Micrurus_diastema,nw-corals
Micrurus_dissoleucus,nw-corals
Micrurus_distans,nw-corals
Micrurus_diutius,nw-corals
Micrurus_dumerilii,nw-corals
Micrurus_elegans,nw-corals
Micrurus_ephippifer,nw-corals
Micrurus_filiformis,nw-corals
Micrurus_frontalis,nw-corals
Micrurus_fulvius,nw-corals
Micrurus_helleri,nw-corals
Micrurus_hemprichii,nw-corals
Micrurus_ibiboboca,nw-corals
Micrurus_isozonus,nw-corals
Micrurus_janisrozei,nw-corals
Micrurus_langsdorffi,nw-corals
Micrurus_laticollaris,nw-corals
Micrurus_latifasciatus,nw-corals
Micrurus_lemniscatus,nw-corals
Micrurus_limbatus,nw-corals
Micrurus_margaritiferus,nw-corals
Micrurus_medemi,nw-corals
Micrurus_mertensi,nw-corals
Micrurus_michoacanensis,nw-corals
Micrurus_mipartitus,nw-corals
Micrurus_mosquitensis,nw-corals
Micrurus_multifasciatus,nw-corals
Micrurus_multiscutatus,nw-corals
Micrurus_narduccii,nw-corals
Micrurus_nattereri,nw-corals
Micrurus_nigrocinctus,nw-corals
Micrurus_obscurus,nw-corals
Micrurus_oliveri,nw-corals
Micrurus_ornatissimus,nw-corals
Micrurus_ortoni,nw-corals
Micrurus_paraensis,nw-corals
Micrurus_peruvianus,nw-corals
Micrurus_proximans,nw-corals
Micrurus_psyches,nw-corals
Micrurus_putumayensis,nw-corals
Micrurus_pyrrhocryptus,nw-corals
Micrurus_ruatanus,nw-corals
Micrurus_scutiventris,nw-corals
Micrurus_serranus,nw-corals
Micrurus_spixii,nw-corals
Micrurus_steindachneri,nw-corals
Micrurus_stewarti,nw-corals
Micrurus_surinamensis,nw-corals
Micrurus_tener,nw-corals
Micrurus_tschudii,nw-corals
Naja_anchietae,afro-asian
Naja_annulata,afro-asian
Naja_annulifera,afro-asian
Naja_arabica,afro-asian
Naja_ashei,afro-asian
Naja_atra,afro-asian
Naja_guineensis,afro-asian
Naja_haje,afro-asian
Naja_kaouthia,afro-asian
Naja_katiensis,afro-asian
Naja_mandalayensis,afro-asian
Naja_melanoleuca,afro-asian
Naja_mossambica,afro-asian
Naja_multifasciata,afro-asian
Naja_naja,afro-asian
Naja_nigricincta,afro-asian
Naja_nigricollis,afro-asian
Naja_nivea,afro-asian
Naja_nubiae,afro-asian
Naja_oxiana,afro-asian
Naja_pallida,afro-asian
Naja_peroescobari,afro-asian
Naja_samarensis,afro-asian
Naja_savannula,afro-asian
Naja_senegalensis,afro-asian
Naja_siamensis,afro-asian
Naja_sputatrix,afro-asian
Naja_subfulva,afro-asian
Naja_sumatrana,afro-asian
Narophis_bimaculatus,australo_papuan
Neelaps_calonotus,australo_papuan
Notechis_scutatus,australo_papuan
Ogmodon_vitianus,australo_papuan
Ophiophagus_hannah,afro-asian
Oxyuranus_microlepidotus,australo_papuan
Oxyuranus_scutellatus,australo_papuan
Oxyuranus_temporalis,australo_papuan
Parahydrophis_mertoni,sea_snakes
Paroplocephalus_atriceps,australo_papuan
Pseudechis_australis,australo_papuan
Pseudechis_butleri,australo_papuan
Pseudechis_colletti,australo_papuan
Pseudechis_guttatus,australo_papuan
Pseudechis_pailsei,australo_papuan
Pseudechis_papuanus,australo_papuan
Pseudechis_porphyriacus,australo_papuan
Pseudechis_rossignolii,australo_papuan
Pseudechis_weigeli,australo_papuan
Pseudohaje_goldii,afro-asian
Pseudonaja_affinis,australo_papuan
Pseudonaja_guttata,australo_papuan
Pseudonaja_inframacula,australo_papuan
Pseudonaja_ingrami,australo_papuan
Pseudonaja_mengdeni,australo_papuan
Pseudonaja_modesta,australo_papuan
Pseudonaja_nuchalis,australo_papuan
Pseudonaja_textilis,australo_papuan
Rhinoplocephalus_bicolor,australo_papuan
Salomonelaps_par,australo_papuan
Simoselaps_anomalus,australo_papuan
Simoselaps_bertholdi,australo_papuan
Simoselaps_littoralis,australo_papuan
Simoselaps_minimus,australo_papuan
Sinomicrurus_hatori,asian-corals
Sinomicrurus_japonicus,asian-corals
Sinomicrurus_kelloggi,asian-corals
Sinomicrurus_macclellandi,asian-corals
Sinomicrurus_sauteri,asian-corals
Suta_dwyeri,australo_papuan
Suta_fasciata,australo_papuan
Suta_flagellum,australo_papuan
Suta_gouldii,australo_papuan
Suta_monachus,australo_papuan
Suta_nigriceps,australo_papuan
Suta_punctata,australo_papuan
Suta_spectabilis,australo_papuan
Suta_suta,australo_papuan
Toxicocalamus_ernstmayri,australo_papuan
Toxicocalamus_holopelturus,australo_papuan
Toxicocalamus_longissimus,australo_papuan
Toxicocalamus_loriae,australo_papuan
Toxicocalamus_mintoni,australo_papuan
Toxicocalamus_misimae,australo_papuan
Toxicocalamus_pachysomus,australo_papuan
Toxicocalamus_preussi,australo_papuan
Toxicocalamus_stanleyanus,australo_papuan
Tropidechis_carinatus,australo_papuan
Vermicella_annulata,australo_papuan
Vermicella_intermedia,australo_papuan
Vermicella_multifasciata,australo_papuan
Vermicella_parscauda,australo_papuan
Vermicella_snelli,australo_papuan
Vermicella_vermiformis,australo_papuan
Walterinnesia_aegyptia,afro-asian